peopleCd,peopleNm,filmoNames
10038689,존 왓츠,스파이더맨: 파 프롬 홈|스파이더맨: 홈 커밍|캅카
10000296,가이 리치,알라딘|킹 아서: 제왕의 검|맨 프롬 UNCLE|셜록홈즈 : 그림자 게임|셜록 홈즈|락큰롤라|리볼버|스웹트 어웨이|스내치|록 스탁 앤 2 스모킹 배럴즈
10023314,조시 쿨리,토이 스토리 4
10031641,봉준호,"기생충|옥자|해무(海霧)|설국열차|토니 레인즈의 한국영화 25년|마더|감독들, 김기영을 말하다|괴물|남극일기|살인의 추억|이공|피도 눈물도 없이|플란다스의 개|유령|모텔 선인장|인플루엔자|싱크 & 라이즈|백색인|지리멸렬|프레임 속의 기억들|인디포럼2014 필름1|도쿄!"
10071639,채드 스타헬스키,존 윅 3: 파라벨룸|존 윅 - 리로드|존 윅: 특별판|존 윅|네미시스 2 
10018162,게리 도버먼,애나벨 집으로
20135271,강윤성,롱 리브 더 킹: 목포 영웅|범죄도시|영어완전정복
10066410,로버트 페르난데스,천로역정: 천국을 찾아서
20196179,이정호,독전|신 전래동화|그것만이 내 세상|강철비|남한산성|로마의 휴일|불한당: 나쁜 놈들의 세상|신의 한 수|찌라시: 위험한 소문
10000296,가이 리치,알라딘|킹 아서: 제왕의 검|맨 프롬 UNCLE|셜록홈즈 : 그림자 게임|셜록 홈즈|락큰롤라|리볼버|스웹트 어웨이|스내치|록 스탁 앤 2 스모킹 배럴즈
10023314,조시 쿨리,토이 스토리 4
10071639,채드 스타헬스키,존 윅 3: 파라벨룸|존 윅 - 리로드|존 윅: 특별판|존 윅|네미시스 2 
10031641,봉준호,"기생충|옥자|해무(海霧)|설국열차|토니 레인즈의 한국영화 25년|마더|감독들, 김기영을 말하다|괴물|남극일기|살인의 추억|이공|피도 눈물도 없이|플란다스의 개|유령|모텔 선인장|인플루엔자|싱크 & 라이즈|백색인|지리멸렬|프레임 속의 기억들|인디포럼2014 필름1|도쿄!"
20135271,강윤성,롱 리브 더 킹: 목포 영웅|범죄도시|영어완전정복
10018162,게리 도버먼,애나벨 집으로
20196179,이정호,독전|신 전래동화|그것만이 내 세상|강철비|남한산성|로마의 휴일|불한당: 나쁜 놈들의 세상|신의 한 수|찌라시: 위험한 소문
10066410,로버트 페르난데스,천로역정: 천국을 찾아서
10009058,닐 조단,마담 싸이코|온딘|브레이브 원|플루토에서 아침을|더블 다운|사랑의 슬픔 애수|인드림스|푸줏간 소년 |마이클 콜린스 |뱀파이어와의 인터뷰 |크라잉 게임|두번째 이별|모나리자
10091258,F. 게리 그레이,맨 인 블랙: 인터내셔널|분노의 질주: 더 익스트림|스트레이트 아웃 오브 컴턴|모범시민|쿨|빈 디젤의 디아블로|이탈리안 잡|네고시에이터|셋잇오프 
10000296,가이 리치,알라딘|킹 아서: 제왕의 검|맨 프롬 UNCLE|셜록홈즈 : 그림자 게임|셜록 홈즈|락큰롤라|리볼버|스웹트 어웨이|스내치|록 스탁 앤 2 스모킹 배럴즈
10023314,조시 쿨리,토이 스토리 4
10031641,봉준호,"기생충|옥자|해무(海霧)|설국열차|토니 레인즈의 한국영화 25년|마더|감독들, 김기영을 말하다|괴물|남극일기|살인의 추억|이공|피도 눈물도 없이|플란다스의 개|유령|모텔 선인장|인플루엔자|싱크 & 라이즈|백색인|지리멸렬|프레임 속의 기억들|인디포럼2014 필름1|도쿄!"
20135271,강윤성,롱 리브 더 킹: 목포 영웅|범죄도시|영어완전정복
10091258,F. 게리 그레이,맨 인 블랙: 인터내셔널|분노의 질주: 더 익스트림|스트레이트 아웃 오브 컴턴|모범시민|쿨|빈 디젤의 디아블로|이탈리안 잡|네고시에이터|셋잇오프 
10071639,채드 스타헬스키,존 윅 3: 파라벨룸|존 윅 - 리로드|존 윅: 특별판|존 윅|네미시스 2 
10066410,로버트 페르난데스,천로역정: 천국을 찾아서
10008737,라스 클리브버그,사탄의 인형|폴라로이드
10034380,사이먼 킨버그,엑스맨: 다크 피닉스|링컨: 뱀파이어 헌터
10027082,미미 레더,세상을 바꾼 변호인|코드|사라 실종 사건|아름다운 세상을 위하여|딥 임팩트|피스메이커
10000296,가이 리치,알라딘|킹 아서: 제왕의 검|맨 프롬 UNCLE|셜록홈즈 : 그림자 게임|셜록 홈즈|락큰롤라|리볼버|스웹트 어웨이|스내치|록 스탁 앤 2 스모킹 배럴즈
10031641,봉준호,"기생충|옥자|해무(海霧)|설국열차|토니 레인즈의 한국영화 25년|마더|감독들, 김기영을 말하다|괴물|남극일기|살인의 추억|이공|피도 눈물도 없이|플란다스의 개|유령|모텔 선인장|인플루엔자|싱크 & 라이즈|백색인|지리멸렬|프레임 속의 기억들|인디포럼2014 필름1|도쿄!"
10091258,F. 게리 그레이,맨 인 블랙: 인터내셔널|분노의 질주: 더 익스트림|스트레이트 아웃 오브 컴턴|모범시민|쿨|빈 디젤의 디아블로|이탈리안 잡|네고시에이터|셋잇오프 
10034380,사이먼 킨버그,엑스맨: 다크 피닉스|링컨: 뱀파이어 헌터
10066410,로버트 페르난데스,천로역정: 천국을 찾아서
10027387,미야자키 하야오,바람이 분다|벼랑 위의 포뇨|하울의 움직이는 성|붉은 돼지|센과 치히로의 행방불명|모노노케 히메|마녀배달부 키키|이웃집 토토로|천공의 성 라퓨타|바람계곡의 나우시카|루팡 3세: 칼리오스트로의 성|팬더와 친구들의 모험
10009032,닐 버거,업사이드|다이버전트|리미트리스|럭키 원스|일루셔니스트
10012399,덱스터 플레처,로켓맨|잇 로컬|독수리 에디|선샤인 온 리스|와일드 빌|스탠더|록 스탁 앤 2 스모킹 배럴즈|죽어도 좋아
10027082,미미 레더,세상을 바꾼 변호인|코드|사라 실종 사건|아름다운 세상을 위하여|딥 임팩트|피스메이커
10043421,안소니 루소,어벤져스: 엔드게임|어벤져스: 인피니티 워|캡틴 아메리카: 시빌 워|캡틴 아메리카: 윈터 솔져|허니문크래셔|웰컴 투 콜린우드
10031641,봉준호,"기생충|옥자|해무(海霧)|설국열차|토니 레인즈의 한국영화 25년|마더|감독들, 김기영을 말하다|괴물|남극일기|살인의 추억|이공|피도 눈물도 없이|플란다스의 개|유령|모텔 선인장|인플루엔자|싱크 & 라이즈|백색인|지리멸렬|프레임 속의 기억들|인디포럼2014 필름1|도쿄!"
10000296,가이 리치,알라딘|킹 아서: 제왕의 검|맨 프롬 UNCLE|셜록홈즈 : 그림자 게임|셜록 홈즈|락큰롤라|리볼버|스웹트 어웨이|스내치|록 스탁 앤 2 스모킹 배럴즈
10034380,사이먼 킨버그,엑스맨: 다크 피닉스|링컨: 뱀파이어 헌터
10027387,미야자키 하야오,바람이 분다|벼랑 위의 포뇨|하울의 움직이는 성|붉은 돼지|센과 치히로의 행방불명|모노노케 히메|마녀배달부 키키|이웃집 토토로|천공의 성 라퓨타|바람계곡의 나우시카|루팡 3세: 칼리오스트로의 성|팬더와 친구들의 모험
10012399,덱스터 플레처,로켓맨|잇 로컬|독수리 에디|선샤인 온 리스|와일드 빌|스탠더|록 스탁 앤 2 스모킹 배럴즈|죽어도 좋아
20131414,이원태,악인전|대장 김창수|조선마술사|가비|파파|오싹한 연애
10022882,마이클 도허티,고질라: 킹 오브 몬스터|트릭 오어 트릿
10028891,박신우,트랩: 디렉터스 컷|백야행|미성년자 관람불가
10043421,안소니 루소,어벤져스: 엔드게임|어벤져스: 인피니티 워|캡틴 아메리카: 시빌 워|캡틴 아메리카: 윈터 솔져|허니문크래셔|웰컴 투 콜린우드
10053709,유선동,0.0MHz|내 심장을 쏴라|고死 두 번째 이야기: 교생실습|미스터 주부퀴즈왕|아라한 장풍대작전|샌드위치
10031641,봉준호,"기생충|옥자|해무(海霧)|설국열차|토니 레인즈의 한국영화 25년|마더|감독들, 김기영을 말하다|괴물|남극일기|살인의 추억|이공|피도 눈물도 없이|플란다스의 개|유령|모텔 선인장|인플루엔자|싱크 & 라이즈|백색인|지리멸렬|프레임 속의 기억들|인디포럼2014 필름1|도쿄!"
10000296,가이 리치,알라딘|킹 아서: 제왕의 검|맨 프롬 UNCLE|셜록홈즈 : 그림자 게임|셜록 홈즈|락큰롤라|리볼버|스웹트 어웨이|스내치|록 스탁 앤 2 스모킹 배럴즈
20131414,이원태,악인전|대장 김창수|조선마술사|가비|파파|오싹한 연애
10022882,마이클 도허티,고질라: 킹 오브 몬스터|트릭 오어 트릿
10053709,유선동,0.0MHz|내 심장을 쏴라|고死 두 번째 이야기: 교생실습|미스터 주부퀴즈왕|아라한 장풍대작전|샌드위치
10043421,안소니 루소,어벤져스: 엔드게임|어벤져스: 인피니티 워|캡틴 아메리카: 시빌 워|캡틴 아메리카: 윈터 솔져|허니문크래셔|웰컴 투 콜린우드
20326692,정다원,발광하는 현대사
10060063,장규성,어린 의뢰인|바람 바람 바람|나는 왕이로소이다|이장과 군수|여선생 VS 여제자|선생 김봉두|재밌는 영화
20322109,이호경,교회오빠
10043278,데이빗 야로베스키,더 보이|더 하이브
20131414,이원태,악인전|대장 김창수|조선마술사|가비|파파|오싹한 연애
10000296,가이 리치,알라딘|킹 아서: 제왕의 검|맨 프롬 UNCLE|셜록홈즈 : 그림자 게임|셜록 홈즈|락큰롤라|리볼버|스웹트 어웨이|스내치|록 스탁 앤 2 스모킹 배럴즈
20326692,정다원,발광하는 현대사
10043421,안소니 루소,어벤져스: 엔드게임|어벤져스: 인피니티 워|캡틴 아메리카: 시빌 워|캡틴 아메리카: 윈터 솔져|허니문크래셔|웰컴 투 콜린우드
10060063,장규성,어린 의뢰인|바람 바람 바람|나는 왕이로소이다|이장과 군수|여선생 VS 여제자|선생 김봉두|재밌는 영화
20314390,홍승완,배심원들
10043278,데이빗 야로베스키,더 보이|더 하이브
10018169,롭 레터맨,명탐정 피카츄|구스범스|걸리버 여행기|몬스터 vs 에이리언|샤크
10054185,육상효,"나의 특별한 형제|화장|강철대오:구국의 철가방|방가? 방가!|여자, 정혜|달마야, 서울 가자|아이언 팜|축제|장미빛 인생"
20322109,이호경,교회오빠
20131414,이원태,악인전|대장 김창수|조선마술사|가비|파파|오싹한 연애
10043421,안소니 루소,어벤져스: 엔드게임|어벤져스: 인피니티 워|캡틴 아메리카: 시빌 워|캡틴 아메리카: 윈터 솔져|허니문크래셔|웰컴 투 콜린우드
20326692,정다원,발광하는 현대사
10018169,롭 레터맨,명탐정 피카츄|구스범스|걸리버 여행기|몬스터 vs 에이리언|샤크
20314390,홍승완,배심원들
10054185,육상효,"나의 특별한 형제|화장|강철대오:구국의 철가방|방가? 방가!|여자, 정혜|달마야, 서울 가자|아이언 팜|축제|장미빛 인생"
20132877,김현호,스윙키즈|협상|상류사회|신과함께-인과 연|신과함께-죄와 벌|나를 잊지 말아요|나의 독재자|좋지 아니한가|엄마|챔피언
20312876,앤소니 마라스,호텔 뭄바이
20322109,이호경,교회오빠
10018860,루카 구아다니노,서스페리아|콜 미 바이 유어 네임|비거 스플래쉬|베르톨루치가 말하는 베르톨루치 |아이 엠 러브|멜리사 P.
10043421,안소니 루소,어벤져스: 엔드게임|어벤져스: 인피니티 워|캡틴 아메리카: 시빌 워|캡틴 아메리카: 윈터 솔져|허니문크래셔|웰컴 투 콜린우드
10054185,육상효,"나의 특별한 형제|화장|강철대오:구국의 철가방|방가? 방가!|여자, 정혜|달마야, 서울 가자|아이언 팜|축제|장미빛 인생"
20326692,정다원,발광하는 현대사
10018169,롭 레터맨,명탐정 피카츄|구스범스|걸리버 여행기|몬스터 vs 에이리언|샤크
20132877,김현호,스윙키즈|협상|상류사회|신과함께-인과 연|신과함께-죄와 벌|나를 잊지 말아요|나의 독재자|좋지 아니한가|엄마|챔피언
20312876,앤소니 마라스,호텔 뭄바이
20131414,이원태,악인전|대장 김창수|조선마술사|가비|파파|오싹한 연애
20314390,홍승완,배심원들
10076064,캘리 애스버리,어글리 돌|스머프: 비밀의 숲|노미오와 줄리엣|슈렉2|스피릿
20243469,미즈노 시게노리,안도 타다오
10043421,안소니 루소,어벤져스: 엔드게임|어벤져스: 인피니티 워|캡틴 아메리카: 시빌 워|캡틴 아메리카: 윈터 솔져|허니문크래셔|웰컴 투 콜린우드
10054185,육상효,"나의 특별한 형제|화장|강철대오:구국의 철가방|방가? 방가!|여자, 정혜|달마야, 서울 가자|아이언 팜|축제|장미빛 인생"
20132877,김현호,스윙키즈|협상|상류사회|신과함께-인과 연|신과함께-죄와 벌|나를 잊지 말아요|나의 독재자|좋지 아니한가|엄마|챔피언
10018169,롭 레터맨,명탐정 피카츄|구스범스|걸리버 여행기|몬스터 vs 에이리언|샤크
10076064,캘리 애스버리,어글리 돌|스머프: 비밀의 숲|노미오와 줄리엣|슈렉2|스피릿
20159971,이종언,생일|시|여행자|밀양|봄|처녀네 식당
10042886,애너 보든,캡틴 마블|이츠 카인드 오브 어 퍼니 스토리|슈거
20243469,미즈노 시게노리,안도 타다오
10003461,기예르모 델 토로,퍼시픽 림: 업라이징|셰이프 오브 워터: 사랑의 모양|크림슨 피크|퍼시픽 림|마마|헬보이 2 : 골든 아미|판의 미로 - 오필리아와 세 개의 열쇠|헬보이|블레이드 2|악마의 등뼈|미믹 |크로노스
10013576,크리스찬 하스,프렌즈: 둥지탈출
10043421,안소니 루소,어벤져스: 엔드게임|어벤져스: 인피니티 워|캡틴 아메리카: 시빌 워|캡틴 아메리카: 윈터 솔져|허니문크래셔|웰컴 투 콜린우드
20132877,김현호,스윙키즈|협상|상류사회|신과함께-인과 연|신과함께-죄와 벌|나를 잊지 말아요|나의 독재자|좋지 아니한가|엄마|챔피언
20159971,이종언,생일|시|여행자|밀양|봄|처녀네 식당
10073007,마이클 차베즈,요로나의 저주
10005276,김윤석,"미성년|암수살인|1987|남한산성|당신, 거기 있어줄래요|검은 사제들|극비수사|쎄시봉|타짜-신의 손|해무(海霧)|화이: 괴물을 삼킨 아이|남쪽으로 튀어|도둑들|도둑들 영화를 만들다|완득이|황해|전우치|거북이 달린다|추격자|즐거운 인생|타짜|천하장사 마돈나|야수|파랑주의보|내 생애 가장 아름다운 일주일|시실리 2km|범죄의 재구성|울랄라씨스터즈|베사메무쵸|어린 연인"
10000873,강지은,"크게 될 놈|고산자, 대동여지도|강철중: 공공의 적 1-1|도마뱀|실미도|공공의 적"
10042886,애너 보든,캡틴 마블|이츠 카인드 오브 어 퍼니 스토리|슈거
10017730,로저 미첼,위크엔드 인 파리|굿모닝 에브리원|사랑을 견뎌내기|마더|체인징 레인스|노팅 힐|설득
20151353,박누리,돈|남자가 사랑할 때|베를린|부당거래|서울이 보이냐|더 게임|김관장 대 김관장 대 김관장
10041297,아담 맥케이,바이스|빅쇼트|앵커맨: 더 레전드 컨티뉴|스탠바이 캅|스텝 브라더스|텔라데가 나이트 : 리키 바비의 발라드|앵커맨
20159971,이종언,생일|시|여행자|밀양|봄|처녀네 식당
10073007,마이클 차베즈,요로나의 저주
10005276,김윤석,"미성년|암수살인|1987|남한산성|당신, 거기 있어줄래요|검은 사제들|극비수사|쎄시봉|타짜-신의 손|해무(海霧)|화이: 괴물을 삼킨 아이|남쪽으로 튀어|도둑들|도둑들 영화를 만들다|완득이|황해|전우치|거북이 달린다|추격자|즐거운 인생|타짜|천하장사 마돈나|야수|파랑주의보|내 생애 가장 아름다운 일주일|시실리 2km|범죄의 재구성|울랄라씨스터즈|베사메무쵸|어린 연인"
10009025,닐 마샬,헬보이|센츄리온|둠스데이:지구 최후의 날|디센트|독 솔져
20151353,박누리,돈|남자가 사랑할 때|베를린|부당거래|서울이 보이냐|더 게임|김관장 대 김관장 대 김관장
10000873,강지은,"크게 될 놈|고산자, 대동여지도|강철중: 공공의 적 1-1|도마뱀|실미도|공공의 적"
10042886,애너 보든,캡틴 마블|이츠 카인드 오브 어 퍼니 스토리|슈거
20302929,김성기,왓칭
10041297,아담 맥케이,바이스|빅쇼트|앵커맨: 더 레전드 컨티뉴|스탠바이 캅|스텝 브라더스|텔라데가 나이트 : 리키 바비의 발라드|앵커맨
10085431,피에르 모렐,아이 엠 마더|더 건맨 : 테이큰 감독 뉴프로젝트|더 건맨|프롬 파리 위드 러브|테이큰|13구역|트랜스포터
20159971,이종언,생일|시|여행자|밀양|봄|처녀네 식당
10009025,닐 마샬,헬보이|센츄리온|둠스데이:지구 최후의 날|디센트|독 솔져
20151353,박누리,돈|남자가 사랑할 때|베를린|부당거래|서울이 보이냐|더 게임|김관장 대 김관장 대 김관장
10005276,김윤석,"미성년|암수살인|1987|남한산성|당신, 거기 있어줄래요|검은 사제들|극비수사|쎄시봉|타짜-신의 손|해무(海霧)|화이: 괴물을 삼킨 아이|남쪽으로 튀어|도둑들|도둑들 영화를 만들다|완득이|황해|전우치|거북이 달린다|추격자|즐거운 인생|타짜|천하장사 마돈나|야수|파랑주의보|내 생애 가장 아름다운 일주일|시실리 2km|범죄의 재구성|울랄라씨스터즈|베사메무쵸|어린 연인"
20235586,데이비드 F. 샌드버그,샤잠!|애나벨 : 인형의 주인|라이트 아웃
10086265,조던 필,어스|겟 아웃
20189699,케빈 콜쉬,공포의 묘지|오디션
10060348,프랭키 첸,장난스런 키스|나의 소녀시대
10041297,아담 맥케이,바이스|빅쇼트|앵커맨: 더 레전드 컨티뉴|스탠바이 캅|스텝 브라더스|텔라데가 나이트 : 리키 바비의 발라드|앵커맨
10061189,저스틴 밸도니,파이브 피트
20235586,데이비드 F. 샌드버그,샤잠!|애나벨 : 인형의 주인|라이트 아웃
20151353,박누리,돈|남자가 사랑할 때|베를린|부당거래|서울이 보이냐|더 게임|김관장 대 김관장 대 김관장
10086265,조던 필,어스|겟 아웃
20159971,이종언,생일|시|여행자|밀양|봄|처녀네 식당
10060348,프랭키 첸,장난스런 키스|나의 소녀시대
10042886,애너 보든,캡틴 마블|이츠 카인드 오브 어 퍼니 스토리|슈거
10081788,팀 버튼,덤보|미스 페레그린과 이상한 아이들의 집|거울나라의 앨리스|빅 아이즈|링컨: 뱀파이어 헌터|다크 섀도우|프랑켄위니|이상한 나라의 앨리스|스위니 토드 : 어느 잔혹한 이발사 이야기|유령신부(애니)|찰리와 초콜릿 공장|빅 피쉬|혹성탈출|슬리피 할로우|팀버튼의 화성침공 |팀 버튼의 크리스마스 악몽|배트맨2|가위손|프랑켄위니|빈센트 
20316812,이창근,로망
10052420,워시 웨스트모어랜드,콜레트|스틸 앨리스|달콤한 열여섯
10041297,아담 맥케이,바이스|빅쇼트|앵커맨: 더 레전드 컨티뉴|스탠바이 캅|스텝 브라더스|텔라데가 나이트 : 리키 바비의 발라드|앵커맨
20151353,박누리,돈|남자가 사랑할 때|베를린|부당거래|서울이 보이냐|더 게임|김관장 대 김관장 대 김관장
10086265,조던 필,어스|겟 아웃
10042886,애너 보든,캡틴 마블|이츠 카인드 오브 어 퍼니 스토리|슈거
10081788,팀 버튼,덤보|미스 페레그린과 이상한 아이들의 집|거울나라의 앨리스|빅 아이즈|링컨: 뱀파이어 헌터|다크 섀도우|프랑켄위니|이상한 나라의 앨리스|스위니 토드 : 어느 잔혹한 이발사 이야기|유령신부(애니)|찰리와 초콜릿 공장|빅 피쉬|혹성탈출|슬리피 할로우|팀버튼의 화성침공 |팀 버튼의 크리스마스 악몽|배트맨2|가위손|프랑켄위니|빈센트 
10060348,프랭키 첸,장난스런 키스|나의 소녀시대
20196167,이정범,미션스쿨|하이힐
20321940,이수진,번 더 스테이지: 더 무비
20239886,김지혜,썬키스 패밀리|생생활활
20318581,신상민,1919 유관순
10052420,워시 웨스트모어랜드,콜레트|스틸 앨리스|달콤한 열여섯
20151353,박누리,돈|남자가 사랑할 때|베를린|부당거래|서울이 보이냐|더 게임|김관장 대 김관장 대 김관장
10042886,애너 보든,캡틴 마블|이츠 카인드 오브 어 퍼니 스토리|슈거
20196167,이정범,미션스쿨|하이힐
10033522,애덤 로비텔,이스케이프 룸|인시디어스4: 라스트 키|테이킹
20321940,이수진,번 더 스테이지: 더 무비
10078519,클린트 이스트우드,라스트 미션|설리: 허드슨강의 기적|아메리칸 스나이퍼|저지 보이즈|내 인생의 마지막 변화구 |J.에드가 - FBI의 시작|히어애프터|우리가 꿈꾸는 기적: 인빅터스|그랜 토리노|체인질링|아버지의 깃발|이오지마에서 온 편지|밀리언 달러 베이비|더 블루스: 피아노 블루스|미스틱 리버|블러드 워크|스페이스 카우보이|클린트 이스트우드: 아웃 오브 섀도우|트루 크라임|앱솔루트 파워 |매디슨 카운티의 다리|완전한 세상 |사선에서|용서받지 못한 자|후계자|더티해리 4-써든 임팩트/서든 임팩트|화이어폭스|더티 파이터 2|원 웨이 티켓|더티 해리3-집행자|아우트 로|아이거 빙벽|대도적|황야의 스트렌저|이것이 법이다|브리지|어둠속에 벨이 울릴 때|더티 해리|사기당한 사람들|켈리의 영웅들|집행자|황야의 무법자|더티 화이터
20284809,스도 토모노리,페이트 스테이 나이트 헤븐즈필 제2장 로스트 버터플라이|페이트 스테이 나이트 헤븐즈필 제1장 프레시지 플라워
10084180,막심 파디브,정글북: 마법 원정대
10086073,피터 패럴리,"그린 북|덤 앤 더머 투|바보 삼총사|홀 패스|하트브레이크 키드|날 미치게하는 남자|붙어야 산다|내겐 너무 가벼운 그녀|미, 마이셀프 앤드 아이린|메리에겐 뭔가 특별한 것이 있다 |킹 핀 |덤 앤 더머 "
20325318,조민호,항거:유관순 이야기
10042886,애너 보든,캡틴 마블|이츠 카인드 오브 어 퍼니 스토리|슈거
10033522,애덤 로비텔,이스케이프 룸|인시디어스4: 라스트 키|테이킹
20325318,조민호,항거:유관순 이야기
20151353,박누리,돈|남자가 사랑할 때|베를린|부당거래|서울이 보이냐|더 게임|김관장 대 김관장 대 김관장
20125862,이병헌,"극한직업|레슬러|바람 바람 바람|스물|오늘의 연애|타짜-신의 손|힘내세요, 병헌씨|네버엔딩 스토리|써니|과속스캔들|냄새는 난다"
10078519,클린트 이스트우드,라스트 미션|설리: 허드슨강의 기적|아메리칸 스나이퍼|저지 보이즈|내 인생의 마지막 변화구 |J.에드가 - FBI의 시작|히어애프터|우리가 꿈꾸는 기적: 인빅터스|그랜 토리노|체인질링|아버지의 깃발|이오지마에서 온 편지|밀리언 달러 베이비|더 블루스: 피아노 블루스|미스틱 리버|블러드 워크|스페이스 카우보이|클린트 이스트우드: 아웃 오브 섀도우|트루 크라임|앱솔루트 파워 |매디슨 카운티의 다리|완전한 세상 |사선에서|용서받지 못한 자|후계자|더티해리 4-써든 임팩트/서든 임팩트|화이어폭스|더티 파이터 2|원 웨이 티켓|더티 해리3-집행자|아우트 로|아이거 빙벽|대도적|황야의 스트렌저|이것이 법이다|브리지|어둠속에 벨이 울릴 때|더티 해리|사기당한 사람들|켈리의 영웅들|집행자|황야의 무법자|더티 화이터
20327892,이한상,인터뷰
10060462,장재현,"사바하|시간위의 집|검은 사제들|광해, 왕이 된 남자|특수본|바다|12번째 보조사제|버스|인도에서 온 말리|오오단편극장 - 이학주 배우전|어둑시니: 두려움을 먹는 자|제14회 미쟝센 단편영화제 전년도 수상작1|1월 단편 상상극장-해피 뉴 스타|제13회 미쟝센 단편영화제 심야의 절대구타 360|제13회 미쟝센 단편영화제 절대악몽1"
10086073,피터 패럴리,"그린 북|덤 앤 더머 투|바보 삼총사|홀 패스|하트브레이크 키드|날 미치게하는 남자|붙어야 산다|내겐 너무 가벼운 그녀|미, 마이셀프 앤드 아이린|메리에겐 뭔가 특별한 것이 있다 |킹 핀 |덤 앤 더머 "
20317199,아르나드 부롱,숲속왕국의 꿀벌 여왕
10042886,애너 보든,캡틴 마블|이츠 카인드 오브 어 퍼니 스토리|슈거
20325318,조민호,항거:유관순 이야기
10060462,장재현,"사바하|시간위의 집|검은 사제들|광해, 왕이 된 남자|특수본|바다|12번째 보조사제|버스|인도에서 온 말리|오오단편극장 - 이학주 배우전|어둑시니: 두려움을 먹는 자|제14회 미쟝센 단편영화제 전년도 수상작1|1월 단편 상상극장-해피 뉴 스타|제13회 미쟝센 단편영화제 심야의 절대구타 360|제13회 미쟝센 단편영화제 절대악몽1"
20327892,이한상,인터뷰
20125862,이병헌,"극한직업|레슬러|바람 바람 바람|스물|오늘의 연애|타짜-신의 손|힘내세요, 병헌씨|네버엔딩 스토리|써니|과속스캔들|냄새는 난다"
10086073,피터 패럴리,"그린 북|덤 앤 더머 투|바보 삼총사|홀 패스|하트브레이크 키드|날 미치게하는 남자|붙어야 산다|내겐 너무 가벼운 그녀|미, 마이셀프 앤드 아이린|메리에겐 뭔가 특별한 것이 있다 |킹 핀 |덤 앤 더머 "
10065698,요르고스 란티모스,더 페이버릿: 여왕의 여자|킬링 디어|더 랍스터|송곳니|송곳니 감독판|내 가장 친한 친구
10051453,라파엘 리바스,리노
20201768,김유성,헤픈젤: 비밀의 몸캠|꿈꾸는 나비|맛있는 정사: 오피스 와이프|없던 일|비밀: 아내의 남자|위험한 유혹 - 추억이 떠나면 외로움만 남는다
10020816,린 사우더랜드,신데렐라:마법 반지의 비밀|뮬란 2
10060462,장재현,"사바하|시간위의 집|검은 사제들|광해, 왕이 된 남자|특수본|바다|12번째 보조사제|버스|인도에서 온 말리|오오단편극장 - 이학주 배우전|어둑시니: 두려움을 먹는 자|제14회 미쟝센 단편영화제 전년도 수상작1|1월 단편 상상극장-해피 뉴 스타|제13회 미쟝센 단편영화제 심야의 절대구타 360|제13회 미쟝센 단편영화제 절대악몽1"
20325318,조민호,항거:유관순 이야기
20327892,이한상,인터뷰
20125862,이병헌,"극한직업|레슬러|바람 바람 바람|스물|오늘의 연애|타짜-신의 손|힘내세요, 병헌씨|네버엔딩 스토리|써니|과속스캔들|냄새는 난다"
20201768,김유성,헤픈젤: 비밀의 몸캠|꿈꾸는 나비|맛있는 정사: 오피스 와이프|없던 일|비밀: 아내의 남자|위험한 유혹 - 추억이 떠나면 외로움만 남는다
10020816,린 사우더랜드,신데렐라:마법 반지의 비밀|뮬란 2
20158665,박수진,"런닝맨 : 풀룰루의 역습|슈퍼레이서 엔지|봄, 눈|메이크 유어 무브 |댄싱퀸|원더풀 라디오|투혼|카운트다운|도가니|가문의 영광4 - 가문의 수난|블라인드|위험한 상견례|로맨틱 헤븐|나는 아빠다|그대를 사랑합니다|헬로우 고스트|황해|소와 함께 여행하는 법|심야의 F.M.|그랑프리|된장"
10013583,딘 데블로이스,드래곤 길들이기 3|드래곤 길들이기 2|드래곤 길들이기|헤이마|릴로와 스티치
10065698,요르고스 란티모스,더 페이버릿: 여왕의 여자|킬링 디어|더 랍스터|송곳니|송곳니 감독판|내 가장 친한 친구
10016605,로버트 로드리게즈,알리타: 배틀 엔젤|씬 시티: 다크히어로의 부활|마세티 킬즈|스파이키드4 : 올더타임인더월드|마셰티|쇼츠|플래닛 테러|그라인드 하우스|샤크보이와 라바걸의 모험 : 3-D|스파이 키드 3D|원스 어폰 어 타임 인 멕시코 |스파이 키드 2|스파이 키드|패컬티|황혼에서 새벽까지|포 룸 |엘 마리아치
10060462,장재현,"사바하|시간위의 집|검은 사제들|광해, 왕이 된 남자|특수본|바다|12번째 보조사제|버스|인도에서 온 말리|오오단편극장 - 이학주 배우전|어둑시니: 두려움을 먹는 자|제14회 미쟝센 단편영화제 전년도 수상작1|1월 단편 상상극장-해피 뉴 스타|제13회 미쟝센 단편영화제 심야의 절대구타 360|제13회 미쟝센 단편영화제 절대악몽1"
20125862,이병헌,"극한직업|레슬러|바람 바람 바람|스물|오늘의 연애|타짜-신의 손|힘내세요, 병헌씨|네버엔딩 스토리|써니|과속스캔들|냄새는 난다"
20327892,이한상,인터뷰
10016605,로버트 로드리게즈,알리타: 배틀 엔젤|씬 시티: 다크히어로의 부활|마세티 킬즈|스파이키드4 : 올더타임인더월드|마셰티|쇼츠|플래닛 테러|그라인드 하우스|샤크보이와 라바걸의 모험 : 3-D|스파이 키드 3D|원스 어폰 어 타임 인 멕시코 |스파이 키드 2|스파이 키드|패컬티|황혼에서 새벽까지|포 룸 |엘 마리아치
10020816,린 사우더랜드,신데렐라:마법 반지의 비밀|뮬란 2
10077478,크리스토퍼 랜던,해피 데스데이 2 유|해피 데스데이|파라노말 액티비티 : 더 마크드 원스
10013583,딘 데블로이스,드래곤 길들이기 3|드래곤 길들이기 2|드래곤 길들이기|헤이마|릴로와 스티치
10077207,크리스 콜럼버스,"픽셀|퍼시 잭슨과 번개 도둑|아이 러브 유, 베스 쿠퍼|렌트|해리포터와 비밀의 방|해리포터와 마법사의 돌|바이센테니얼 맨|스텝맘|나인 먼쓰 |미세스 다웃파이어 |나 홀로 집에 2|나홀로 집에|피라미드의 공포|구니스 |그렘린 "
10087600,한스 페터 몰란트,콜드 체이싱|미결처리반 Q: 믿음의 음모|사라짐의 순서|거품이 사라지면 |페더젠 동지|아름다운 나라
10018173,롭 마샬,메리 포핀스 리턴즈|숲속으로|캐리비안의 해적: 낯선 조류|나인|게이샤의 추억|시카고
20125862,이병헌,"극한직업|레슬러|바람 바람 바람|스물|오늘의 연애|타짜-신의 손|힘내세요, 병헌씨|네버엔딩 스토리|써니|과속스캔들|냄새는 난다"
20327892,이한상,인터뷰
10016605,로버트 로드리게즈,알리타: 배틀 엔젤|씬 시티: 다크히어로의 부활|마세티 킬즈|스파이키드4 : 올더타임인더월드|마셰티|쇼츠|플래닛 테러|그라인드 하우스|샤크보이와 라바걸의 모험 : 3-D|스파이 키드 3D|원스 어폰 어 타임 인 멕시코 |스파이 키드 2|스파이 키드|패컬티|황혼에서 새벽까지|포 룸 |엘 마리아치
10077478,크리스토퍼 랜던,해피 데스데이 2 유|해피 데스데이|파라노말 액티비티 : 더 마크드 원스
20321852,이민재,살아남은 아이
10013583,딘 데블로이스,드래곤 길들이기 3|드래곤 길들이기 2|드래곤 길들이기|헤이마|릴로와 스티치
10018173,롭 마샬,메리 포핀스 리턴즈|숲속으로|캐리비안의 해적: 낯선 조류|나인|게이샤의 추억|시카고
20183664,한준희,뺑반|차이나타운|사이코메트리|시나리오 가이드
20115431,야마모토 야스이치로,명탐정 코난: 에피소드 원-작아진 명탐정|명탐정 코난 : 코난 실종사건 - 사상 최악의 이틀|명탐정 코난: 11번째 스트라이커|명탐정 코난: 천공의 난파선|명탐정 코난:전율의 악보|명탐정 코난:감벽의 관|명탐정 코난 : 탐정들의 진혼가 |명탐정 코난 : 수평선상의 음모|명탐정 코난:은빛 날개의 마술사
20306433,김진철,극장판 헬로카봇 : 달나라를 구해줘!|극장판 헬로카봇: 옴파로스 섬의 비밀|극장판 헬로카봇 : 백악기 시대|헬로 카봇
20125862,이병헌,"극한직업|레슬러|바람 바람 바람|스물|오늘의 연애|타짜-신의 손|힘내세요, 병헌씨|네버엔딩 스토리|써니|과속스캔들|냄새는 난다"
10016605,로버트 로드리게즈,알리타: 배틀 엔젤|씬 시티: 다크히어로의 부활|마세티 킬즈|스파이키드4 : 올더타임인더월드|마셰티|쇼츠|플래닛 테러|그라인드 하우스|샤크보이와 라바걸의 모험 : 3-D|스파이 키드 3D|원스 어폰 어 타임 인 멕시코 |스파이 키드 2|스파이 키드|패컬티|황혼에서 새벽까지|포 룸 |엘 마리아치
20183664,한준희,뺑반|차이나타운|사이코메트리|시나리오 가이드
10013583,딘 데블로이스,드래곤 길들이기 3|드래곤 길들이기 2|드래곤 길들이기|헤이마|릴로와 스티치
20306433,김진철,극장판 헬로카봇 : 달나라를 구해줘!|극장판 헬로카봇: 옴파로스 섬의 비밀|극장판 헬로카봇 : 백악기 시대|헬로 카봇
10022687,마이크 미첼,레고 무비2|트롤|앨빈과 슈퍼밴드3|슈렉 포에버|스카이 하이|서바이빙 크리스마스|듀스 비갈로
20187477,엄유나,말모이|택시운전사|번개와 춤을
10086073,피터 패럴리,"그린 북|덤 앤 더머 투|바보 삼총사|홀 패스|하트브레이크 키드|날 미치게하는 남자|붙어야 산다|내겐 너무 가벼운 그녀|미, 마이셀프 앤드 아이린|메리에겐 뭔가 특별한 것이 있다 |킹 핀 |덤 앤 더머 "
10006823,나딘 라바키,"가버나움|사랑해, 리우|카라멜"
20125862,이병헌,"극한직업|레슬러|바람 바람 바람|스물|오늘의 연애|타짜-신의 손|힘내세요, 병헌씨|네버엔딩 스토리|써니|과속스캔들|냄새는 난다"
20183664,한준희,뺑반|차이나타운|사이코메트리|시나리오 가이드
10013583,딘 데블로이스,드래곤 길들이기 3|드래곤 길들이기 2|드래곤 길들이기|헤이마|릴로와 스티치
20306433,김진철,극장판 헬로카봇 : 달나라를 구해줘!|극장판 헬로카봇: 옴파로스 섬의 비밀|극장판 헬로카봇 : 백악기 시대|헬로 카봇
20187477,엄유나,말모이|택시운전사|번개와 춤을
10000970,강효진,내안의 그놈|양아치 느와르|폭력의 법칙: 나쁜 피 두 번째 이야기|미쓰 와이프|나쁜 피|육혈포 강도단|펀치레이디|맨손으로 죽여라?|조폭마누라
10006823,나딘 라바키,"가버나움|사랑해, 리우|카라멜"
10086073,피터 패럴리,"그린 북|덤 앤 더머 투|바보 삼총사|홀 패스|하트브레이크 키드|날 미치게하는 남자|붙어야 산다|내겐 너무 가벼운 그녀|미, 마이셀프 앤드 아이린|메리에겐 뭔가 특별한 것이 있다 |킹 핀 |덤 앤 더머 "
20121802,리치 무어,주먹왕 랄프 2: 인터넷 속으로|주토피아|주먹왕 랄프|심슨 가족|퓨쳐라마
20125862,이병헌,"극한직업|레슬러|바람 바람 바람|스물|오늘의 연애|타짜-신의 손|힘내세요, 병헌씨|네버엔딩 스토리|써니|과속스캔들|냄새는 난다"
20187477,엄유나,말모이|택시운전사|번개와 춤을
10000970,강효진,내안의 그놈|양아치 느와르|폭력의 법칙: 나쁜 피 두 번째 이야기|미쓰 와이프|나쁜 피|육혈포 강도단|펀치레이디|맨손으로 죽여라?|조폭마누라
20121802,리치 무어,주먹왕 랄프 2: 인터넷 속으로|주토피아|주먹왕 랄프|심슨 가족|퓨쳐라마
10091491,M. 나이트 샤말란,글래스|23 아이덴티티|더 비지트|애프터 어스|라스트 에어벤더|해프닝|레이디 인 더 워터|빌리지|싸인|언브레이커블|식스 센스|와이드 어웨이크
10057737,이춘백,언더독|26년|마당을 나온 암탉|고인돌|누들누드 2|사람이되어라
10031865,브라이언 싱어,보헤미안 랩소디|엑스맨: 아포칼립스|엑스맨: 데이즈 오브 퓨처 패스트|잭 더 자이언트 킬러|작전명 발키리|수퍼맨 리턴즈|엑스맨 2|엑스맨|죽음보다 무서운 비밀|유주얼 서스펙트
10086073,피터 패럴리,"그린 북|덤 앤 더머 투|바보 삼총사|홀 패스|하트브레이크 키드|날 미치게하는 남자|붙어야 산다|내겐 너무 가벼운 그녀|미, 마이셀프 앤드 아이린|메리에겐 뭔가 특별한 것이 있다 |킹 핀 |덤 앤 더머 "
10043130,안드레스 코투리어,몬스터 파크
20187477,엄유나,말모이|택시운전사|번개와 춤을
10000970,강효진,내안의 그놈|양아치 느와르|폭력의 법칙: 나쁜 피 두 번째 이야기|미쓰 와이프|나쁜 피|육혈포 강도단|펀치레이디|맨손으로 죽여라?|조폭마누라
10091491,M. 나이트 샤말란,글래스|23 아이덴티티|더 비지트|애프터 어스|라스트 에어벤더|해프닝|레이디 인 더 워터|빌리지|싸인|언브레이커블|식스 센스|와이드 어웨이크
20121802,리치 무어,주먹왕 랄프 2: 인터넷 속으로|주토피아|주먹왕 랄프|심슨 가족|퓨쳐라마
10057737,이춘백,언더독|26년|마당을 나온 암탉|고인돌|누들누드 2|사람이되어라
10064265,제임스 완,아쿠아맨|애나벨 : 인형의 주인|컨저링 2|분노의 질주: 더 세븐|인시디어스: 두번째 집|컨저링|인시디어스|데드 사일런스|쏘우
20306533,최신규,극장판 헬로카봇 : 달나라를 구해줘!|극장판 헬로카봇: 옴파로스 섬의 비밀|극장판 공룡메카드: 타이니소어의 섬|극장판 헬로카봇 : 백악기 시대|헬로 카봇
10031865,브라이언 싱어,보헤미안 랩소디|엑스맨: 아포칼립스|엑스맨: 데이즈 오브 퓨처 패스트|잭 더 자이언트 킬러|작전명 발키리|수퍼맨 리턴즈|엑스맨 2|엑스맨|죽음보다 무서운 비밀|유주얼 서스펙트
10089218,호소다 마모루,미래의 미라이|괴물의 아이|늑대아이|썸머 워즈|시간을 달리는 소녀|원피스 6기 극장판 : 오마츠리 남작과 비밀의 섬|게게게 키타로: 키타로의 유령전철
10086073,피터 패럴리,"그린 북|덤 앤 더머 투|바보 삼총사|홀 패스|하트브레이크 키드|날 미치게하는 남자|붙어야 산다|내겐 너무 가벼운 그녀|미, 마이셀프 앤드 아이린|메리에겐 뭔가 특별한 것이 있다 |킹 핀 |덤 앤 더머 "
20187477,엄유나,말모이|택시운전사|번개와 춤을
10000970,강효진,내안의 그놈|양아치 느와르|폭력의 법칙: 나쁜 피 두 번째 이야기|미쓰 와이프|나쁜 피|육혈포 강도단|펀치레이디|맨손으로 죽여라?|조폭마누라
20121802,리치 무어,주먹왕 랄프 2: 인터넷 속으로|주토피아|주먹왕 랄프|심슨 가족|퓨쳐라마
10064265,제임스 완,아쿠아맨|애나벨 : 인형의 주인|컨저링 2|분노의 질주: 더 세븐|인시디어스: 두번째 집|컨저링|인시디어스|데드 사일런스|쏘우
20306533,최신규,극장판 헬로카봇 : 달나라를 구해줘!|극장판 헬로카봇: 옴파로스 섬의 비밀|극장판 공룡메카드: 타이니소어의 섬|극장판 헬로카봇 : 백악기 시대|헬로 카봇
10031865,브라이언 싱어,보헤미안 랩소디|엑스맨: 아포칼립스|엑스맨: 데이즈 오브 퓨처 패스트|잭 더 자이언트 킬러|작전명 발키리|수퍼맨 리턴즈|엑스맨 2|엑스맨|죽음보다 무서운 비밀|유주얼 서스펙트
10086073,피터 패럴리,"그린 북|덤 앤 더머 투|바보 삼총사|홀 패스|하트브레이크 키드|날 미치게하는 남자|붙어야 산다|내겐 너무 가벼운 그녀|미, 마이셀프 앤드 아이린|메리에겐 뭔가 특별한 것이 있다 |킹 핀 |덤 앤 더머 "
20245489,트래비스 나이트,범블비|쿠보와 전설의 악기
10004291,김병우,PMC: 더 벙커|더 테러 라이브|리튼|아나모픽
10000946,강형철,스윙키즈|타짜-신의 손|써니 감독판|써니|과속스캔들
10064265,제임스 완,아쿠아맨|애나벨 : 인형의 주인|컨저링 2|분노의 질주: 더 세븐|인시디어스: 두번째 집|컨저링|인시디어스|데드 사일런스|쏘우
20121802,리치 무어,주먹왕 랄프 2: 인터넷 속으로|주토피아|주먹왕 랄프|심슨 가족|퓨쳐라마
10004291,김병우,PMC: 더 벙커|더 테러 라이브|리튼|아나모픽
10031865,브라이언 싱어,보헤미안 랩소디|엑스맨: 아포칼립스|엑스맨: 데이즈 오브 퓨처 패스트|잭 더 자이언트 킬러|작전명 발키리|수퍼맨 리턴즈|엑스맨 2|엑스맨|죽음보다 무서운 비밀|유주얼 서스펙트
20245489,트래비스 나이트,범블비|쿠보와 전설의 악기
10000946,강형철,스윙키즈|타짜-신의 손|써니 감독판|써니|과속스캔들
20255533,한상호,동창회의 목적 3|바람난 여자들
10058467,임경택,언니|히어로|더 웹툰: 예고살인|고래를 찾는 자전거|김복남 살인사건의 전말|이브의 유혹 - 엔젤|잠복근무|인형사|잠잔 날
20187477,엄유나,말모이|택시운전사|번개와 춤을
10038254,스콧 모시어,"그린치|잭 앤 미리, 포르노 만들기"
10064265,제임스 완,아쿠아맨|애나벨 : 인형의 주인|컨저링 2|분노의 질주: 더 세븐|인시디어스: 두번째 집|컨저링|인시디어스|데드 사일런스|쏘우
20245489,트래비스 나이트,범블비|쿠보와 전설의 악기
10004291,김병우,PMC: 더 벙커|더 테러 라이브|리튼|아나모픽
10031865,브라이언 싱어,보헤미안 랩소디|엑스맨: 아포칼립스|엑스맨: 데이즈 오브 퓨처 패스트|잭 더 자이언트 킬러|작전명 발키리|수퍼맨 리턴즈|엑스맨 2|엑스맨|죽음보다 무서운 비밀|유주얼 서스펙트
20111283,우민호,남산의 부장들|마약왕|내부자들: 디 오리지널|내부자들|간첩|파괴된 사나이|누가 예수를 죽였는가?
10000946,강형철,스윙키즈|타짜-신의 손|써니 감독판|써니|과속스캔들
20255533,한상호,동창회의 목적 3|바람난 여자들
10038254,스콧 모시어,"그린치|잭 앤 미리, 포르노 만들기"
20114371,타카하시 와타루,극장판 짱구는 못말려: 아뵤! 쿵후 보이즈 ~라면 대란~|짱구는 못말려 극장판: 폭풍수면! 꿈꾸는 세계 대돌격|짱구는 못말려 극장판 : 정면승부! 로봇아빠의 역습|극장판 아따맘마3D : 엄마는 초능력자
10062679,밥 퍼시케티,스파이더맨: 뉴 유니버스
10064265,제임스 완,아쿠아맨|애나벨 : 인형의 주인|컨저링 2|분노의 질주: 더 세븐|인시디어스: 두번째 집|컨저링|인시디어스|데드 사일런스|쏘우
20111283,우민호,남산의 부장들|마약왕|내부자들: 디 오리지널|내부자들|간첩|파괴된 사나이|누가 예수를 죽였는가?
10000946,강형철,스윙키즈|타짜-신의 손|써니 감독판|써니|과속스캔들
10031865,브라이언 싱어,보헤미안 랩소디|엑스맨: 아포칼립스|엑스맨: 데이즈 오브 퓨처 패스트|잭 더 자이언트 킬러|작전명 발키리|수퍼맨 리턴즈|엑스맨 2|엑스맨|죽음보다 무서운 비밀|유주얼 서스펙트
10038254,스콧 모시어,"그린치|잭 앤 미리, 포르노 만들기"
10072117,최국희,"국가부도의 날|스플릿|8월의 일요일들|극장전|그날 밤의 축제|삶은 전진하고|청춘, 외대앞|블루 디코딩"
10062679,밥 퍼시케티,스파이더맨: 뉴 유니버스
20324439,이권능,쎈놈
20114371,타카하시 와타루,극장판 짱구는 못말려: 아뵤! 쿵후 보이즈 ~라면 대란~|짱구는 못말려 극장판: 폭풍수면! 꿈꾸는 세계 대돌격|짱구는 못말려 극장판 : 정면승부! 로봇아빠의 역습|극장판 아따맘마3D : 엄마는 초능력자
10050389,야지마 테츠오,극장판 포켓몬스터 모두의 이야기
10031865,브라이언 싱어,보헤미안 랩소디|엑스맨: 아포칼립스|엑스맨: 데이즈 오브 퓨처 패스트|잭 더 자이언트 킬러|작전명 발키리|수퍼맨 리턴즈|엑스맨 2|엑스맨|죽음보다 무서운 비밀|유주얼 서스펙트
10072117,최국희,"국가부도의 날|스플릿|8월의 일요일들|극장전|그날 밤의 축제|삶은 전진하고|청춘, 외대앞|블루 디코딩"
20324439,이권능,쎈놈
10062679,밥 퍼시케티,스파이더맨: 뉴 유니버스
10013865,라세 할스트롬,호두까기 인형과 4개의 왕국|베일리 어게인|로맨틱 레시피|세이프 헤이븐|최면 전문의|사막에서 연어낚시|디어 존|하치 이야기|혹스: 욕망의 법칙|카사노바|언피니쉬드 라이프|쉬핑 뉴스|초콜릿|사이더 하우스|줄리아 로버츠의 사랑게임|길버트 그레이프|아바
10083870,폴 페이그,부탁 하나만 들어줘|고스트버스터즈|스파이|더 히트|내 여자친구의 결혼식|성탄절 전야의 공항 대소동|아이 엠 데이빗
10000946,강형철,스윙키즈|타짜-신의 손|써니 감독판|써니|과속스캔들
10051181,크리스찬 리버스,모털 엔진
10054516,윤준상,런닝맨 : 풀룰루의 역습|초혼
20111735,이재규,완벽한 타인|역린|인플루언스
10072117,최국희,"국가부도의 날|스플릿|8월의 일요일들|극장전|그날 밤의 축제|삶은 전진하고|청춘, 외대앞|블루 디코딩"
10031865,브라이언 싱어,보헤미안 랩소디|엑스맨: 아포칼립스|엑스맨: 데이즈 오브 퓨처 패스트|잭 더 자이언트 킬러|작전명 발키리|수퍼맨 리턴즈|엑스맨 2|엑스맨|죽음보다 무서운 비밀|유주얼 서스펙트
20324439,이권능,쎈놈
10013865,라세 할스트롬,호두까기 인형과 4개의 왕국|베일리 어게인|로맨틱 레시피|세이프 헤이븐|최면 전문의|사막에서 연어낚시|디어 존|하치 이야기|혹스: 욕망의 법칙|카사노바|언피니쉬드 라이프|쉬핑 뉴스|초콜릿|사이더 하우스|줄리아 로버츠의 사랑게임|길버트 그레이프|아바
10051181,크리스찬 리버스,모털 엔진
10054516,윤준상,런닝맨 : 풀룰루의 역습|초혼
20318000,김민호,인랑
20111735,이재규,완벽한 타인|역린|인플루언스
10009928,오토 바서스트,후드
20100014,데이빗 예이츠,신비한 동물들과 그린델왈드의 범죄|신비한 동물사전|레전드 오브 타잔|해리포터와 죽음의 성물2|해리 포터와 죽음의 성물1|해리 포터와 혼혈 왕자|해리 포터와 불사조 기사단|카페의 소녀
10072117,최국희,"국가부도의 날|스플릿|8월의 일요일들|극장전|그날 밤의 축제|삶은 전진하고|청춘, 외대앞|블루 디코딩"
10031865,브라이언 싱어,보헤미안 랩소디|엑스맨: 아포칼립스|엑스맨: 데이즈 오브 퓨처 패스트|잭 더 자이언트 킬러|작전명 발키리|수퍼맨 리턴즈|엑스맨 2|엑스맨|죽음보다 무서운 비밀|유주얼 서스펙트
20318000,김민호,인랑
20111735,이재규,완벽한 타인|역린|인플루언스
10009928,오토 바서스트,후드
20100014,데이빗 예이츠,신비한 동물들과 그린델왈드의 범죄|신비한 동물사전|레전드 오브 타잔|해리포터와 죽음의 성물2|해리 포터와 죽음의 성물1|해리 포터와 혼혈 왕자|해리 포터와 불사조 기사단|카페의 소녀
10013865,라세 할스트롬,호두까기 인형과 4개의 왕국|베일리 어게인|로맨틱 레시피|세이프 헤이븐|최면 전문의|사막에서 연어낚시|디어 존|하치 이야기|혹스: 욕망의 법칙|카사노바|언피니쉬드 라이프|쉬핑 뉴스|초콜릿|사이더 하우스|줄리아 로버츠의 사랑게임|길버트 그레이프|아바
10046021,앤드류 하얏트,바울
20178840,페드 알바레즈,거미줄에 걸린 소녀|맨 인 더 다크|이블 데드
10032981,빅터 아즈에프,투 프렌즈
10031865,브라이언 싱어,보헤미안 랩소디|엑스맨: 아포칼립스|엑스맨: 데이즈 오브 퓨처 패스트|잭 더 자이언트 킬러|작전명 발키리|수퍼맨 리턴즈|엑스맨 2|엑스맨|죽음보다 무서운 비밀|유주얼 서스펙트
20318000,김민호,인랑
20100014,데이빗 예이츠,신비한 동물들과 그린델왈드의 범죄|신비한 동물사전|레전드 오브 타잔|해리포터와 죽음의 성물2|해리 포터와 죽음의 성물1|해리 포터와 혼혈 왕자|해리 포터와 불사조 기사단|카페의 소녀
20111735,이재규,완벽한 타인|역린|인플루언스
20324132,박준수,스물 아홉살
10013865,라세 할스트롬,호두까기 인형과 4개의 왕국|베일리 어게인|로맨틱 레시피|세이프 헤이븐|최면 전문의|사막에서 연어낚시|디어 존|하치 이야기|혹스: 욕망의 법칙|카사노바|언피니쉬드 라이프|쉬핑 뉴스|초콜릿|사이더 하우스|줄리아 로버츠의 사랑게임|길버트 그레이프|아바
10046021,앤드류 하얏트,바울
20139889,노규엽,출국|배꼽|미인도|우아한 세계
10063620,제이슨 라이트맨,"고스트버스터즈 2020|툴리|멘, 우먼 & 칠드런|레이버 데이|영 어덜트|인 디 에어|주노|흡연, 감사합니다"
20311469,우시지마 신이치로,너의 췌장을 먹고 싶어
20100014,데이빗 예이츠,신비한 동물들과 그린델왈드의 범죄|신비한 동물사전|레전드 오브 타잔|해리포터와 죽음의 성물2|해리 포터와 죽음의 성물1|해리 포터와 혼혈 왕자|해리 포터와 불사조 기사단|카페의 소녀
10031865,브라이언 싱어,보헤미안 랩소디|엑스맨: 아포칼립스|엑스맨: 데이즈 오브 퓨처 패스트|잭 더 자이언트 킬러|작전명 발키리|수퍼맨 리턴즈|엑스맨 2|엑스맨|죽음보다 무서운 비밀|유주얼 서스펙트
20111735,이재규,완벽한 타인|역린|인플루언스
20324132,박준수,스물 아홉살
10058831,임진순,동네사람들|슈퍼스타|해적 디스코왕 되다|일월영측|원격조정
20318000,김민호,인랑
10046021,앤드류 하얏트,바울
20139889,노규엽,출국|배꼽|미인도|우아한 세계
20311469,우시지마 신이치로,너의 췌장을 먹고 싶어
20163470,김정환,스윙키즈|안시성|마녀|레슬러|미니특공대X|물괴|신과함께-죄와 벌|7호실|침묵|살인자의 기억법|리얼|조작된 도시|우리 손자 베스트|코인라커|한경직|스타: 빛나는 사랑|불꽃처럼 나비처럼|역도산
20111735,이재규,완벽한 타인|역린|인플루언스
10031865,브라이언 싱어,보헤미안 랩소디|엑스맨: 아포칼립스|엑스맨: 데이즈 오브 퓨처 패스트|잭 더 자이언트 킬러|작전명 발키리|수퍼맨 리턴즈|엑스맨 2|엑스맨|죽음보다 무서운 비밀|유주얼 서스펙트
10058831,임진순,동네사람들|슈퍼스타|해적 디스코왕 되다|일월영측|원격조정
10046021,앤드류 하얏트,바울
10087253,하정우,"백두산|PMC: 더 벙커|클로젯|신과함께-인과 연|1987|신과함께-죄와 벌|서서평, 천천히 평온하게|싱글라이더|터널|아가씨|아가씨(확장판)|암살|허삼관|군도: 민란의 시대|롤러코스터|더 테러 라이브|베를린|577 프로젝트|러브픽션|범죄와의 전쟁: 나쁜놈들 전성시대|의뢰인|황해|평행이론|국가대표 완결판-못 다한 이야기|국가대표|보트|잘 알지도 못하면서|멋진 하루|비스티 보이즈|추격자|우리 생애 최고의 순간|숨|두 번째 사랑|구미호 가족|시간|용서받지 못한 자|잠복근무|슈퍼스타 감사용|마들렌|티파니에서 아침을"
10077207,크리스 콜럼버스,"픽셀|퍼시 잭슨과 번개 도둑|아이 러브 유, 베스 쿠퍼|렌트|해리포터와 비밀의 방|해리포터와 마법사의 돌|바이센테니얼 맨|스텝맘|나인 먼쓰 |미세스 다웃파이어 |나 홀로 집에 2|나홀로 집에|피라미드의 공포|구니스 |그렘린 "
20260332,유영선,리벤져|실종: 사라진아내
10058386,일라이 로스,벽 속에 숨은 마법시계|데스 위시|그린 인페르노|노크 노크|애프터쇼크|그라인드 하우스|호스텔 2|호스텔|캐빈 피버
10032109,브래들리 쿠퍼,어벤져스: 엔드게임|라스트 미션|스타 이즈 본|어벤져스: 인피니티 워|가디언즈 오브 갤럭시 VOL. 2|조이|더 셰프|알로하|세레나|아메리칸 스나이퍼|가디언즈 오브 갤럭시|아메리칸 허슬|플레이스 비욘드 더 파인즈|행오버3|실버라이닝 플레이북|더 스토리: 세상에 숨겨진 사랑|히트 앤 런|리미트리스|행오버 2|A-특공대|발렌타인 데이|행오버|뉴욕 아이 러브 유|미드나잇 미트 트레인
10045012,아리 산델,구스범스: 몬스터의 역습|퀸카가 아니어도 좋아|와일드 웨스트 코미디 쇼
20111735,이재규,완벽한 타인|역린|인플루언스
10031865,브라이언 싱어,보헤미안 랩소디|엑스맨: 아포칼립스|엑스맨: 데이즈 오브 퓨처 패스트|잭 더 자이언트 킬러|작전명 발키리|수퍼맨 리턴즈|엑스맨 2|엑스맨|죽음보다 무서운 비밀|유주얼 서스펙트
10087253,하정우,"백두산|PMC: 더 벙커|클로젯|신과함께-인과 연|1987|신과함께-죄와 벌|서서평, 천천히 평온하게|싱글라이더|터널|아가씨|아가씨(확장판)|암살|허삼관|군도: 민란의 시대|롤러코스터|더 테러 라이브|베를린|577 프로젝트|러브픽션|범죄와의 전쟁: 나쁜놈들 전성시대|의뢰인|황해|평행이론|국가대표 완결판-못 다한 이야기|국가대표|보트|잘 알지도 못하면서|멋진 하루|비스티 보이즈|추격자|우리 생애 최고의 순간|숨|두 번째 사랑|구미호 가족|시간|용서받지 못한 자|잠복근무|슈퍼스타 감사용|마들렌|티파니에서 아침을"
10058386,일라이 로스,벽 속에 숨은 마법시계|데스 위시|그린 인페르노|노크 노크|애프터쇼크|그라인드 하우스|호스텔 2|호스텔|캐빈 피버
10077207,크리스 콜럼버스,"픽셀|퍼시 잭슨과 번개 도둑|아이 러브 유, 베스 쿠퍼|렌트|해리포터와 비밀의 방|해리포터와 마법사의 돌|바이센테니얼 맨|스텝맘|나인 먼쓰 |미세스 다웃파이어 |나 홀로 집에 2|나홀로 집에|피라미드의 공포|구니스 |그렘린 "
10011631,데이빗 고든 그린,할로윈|스트롱거|맹글혼|조|프린스 아발란체|더 시터|유어 하이니스|파인애플 익스프레스|스노우 엔젤스|올 더 리얼 걸스|언더토우|조지 워싱턴
10006086,김태균,"암수살인|봄, 눈|써클|세이예스|신장개업|닥터 K|억수탕(3pm Paradise)|반짝반짝 두근두근|2015 GSFF 배우 특별전: 김수안 |[PDFF2015] 장애인미디어운동1 + 한국영화초청3"
10057572,이지원,미쓰백|우아한 세계|주홍글씨|번지점프를 하다|그녀에게|판타스틱 자살소동
10032109,브래들리 쿠퍼,어벤져스: 엔드게임|라스트 미션|스타 이즈 본|어벤져스: 인피니티 워|가디언즈 오브 갤럭시 VOL. 2|조이|더 셰프|알로하|세레나|아메리칸 스나이퍼|가디언즈 오브 갤럭시|아메리칸 허슬|플레이스 비욘드 더 파인즈|행오버3|실버라이닝 플레이북|더 스토리: 세상에 숨겨진 사랑|히트 앤 런|리미트리스|행오버 2|A-특공대|발렌타인 데이|행오버|뉴욕 아이 러브 유|미드나잇 미트 트레인
10068277,존 추,크레이지 리치 아시안|나우 유 씨 미 2|지.아이.조 2|저스틴 비버 : 네버 세이 네버|스텝 업 3D|스텝업 2 : 더 스트리트
10087253,하정우,"백두산|PMC: 더 벙커|클로젯|신과함께-인과 연|1987|신과함께-죄와 벌|서서평, 천천히 평온하게|싱글라이더|터널|아가씨|아가씨(확장판)|암살|허삼관|군도: 민란의 시대|롤러코스터|더 테러 라이브|베를린|577 프로젝트|러브픽션|범죄와의 전쟁: 나쁜놈들 전성시대|의뢰인|황해|평행이론|국가대표 완결판-못 다한 이야기|국가대표|보트|잘 알지도 못하면서|멋진 하루|비스티 보이즈|추격자|우리 생애 최고의 순간|숨|두 번째 사랑|구미호 가족|시간|용서받지 못한 자|잠복근무|슈퍼스타 감사용|마들렌|티파니에서 아침을"
10006086,김태균,"암수살인|봄, 눈|써클|세이예스|신장개업|닥터 K|억수탕(3pm Paradise)|반짝반짝 두근두근|2015 GSFF 배우 특별전: 김수안 |[PDFF2015] 장애인미디어운동1 + 한국영화초청3"
10009698,데이미언 셔젤,퍼스트맨|라라랜드|위플래쉬
10057572,이지원,미쓰백|우아한 세계|주홍글씨|번지점프를 하다|그녀에게|판타스틱 자살소동
20120723,루벤 플레셔,베놈|갱스터 스쿼드|털기 아니면 죽기 : 제한시간 30분|좀비랜드
10068277,존 추,크레이지 리치 아시안|나우 유 씨 미 2|지.아이.조 2|저스틴 비버 : 네버 세이 네버|스텝 업 3D|스텝업 2 : 더 스트리트
10077207,크리스 콜럼버스,"픽셀|퍼시 잭슨과 번개 도둑|아이 러브 유, 베스 쿠퍼|렌트|해리포터와 비밀의 방|해리포터와 마법사의 돌|바이센테니얼 맨|스텝맘|나인 먼쓰 |미세스 다웃파이어 |나 홀로 집에 2|나홀로 집에|피라미드의 공포|구니스 |그렘린 "
10032109,브래들리 쿠퍼,어벤져스: 엔드게임|라스트 미션|스타 이즈 본|어벤져스: 인피니티 워|가디언즈 오브 갤럭시 VOL. 2|조이|더 셰프|알로하|세레나|아메리칸 스나이퍼|가디언즈 오브 갤럭시|아메리칸 허슬|플레이스 비욘드 더 파인즈|행오버3|실버라이닝 플레이북|더 스토리: 세상에 숨겨진 사랑|히트 앤 런|리미트리스|행오버 2|A-특공대|발렌타인 데이|행오버|뉴욕 아이 러브 유|미드나잇 미트 트레인
20111735,이재규,완벽한 타인|역린|인플루언스
10024440,마크 포스터,곰돌이 푸 다시 만나 행복해|월드 워 Z|머신건 프리처 감독판|머신건 프리처|007 퀀텀 오브 솔러스|연을 쫓는 아이|스트레인저 댄 픽션|스테이|네버랜드를 찾아서|몬스터 볼
10006086,김태균,"암수살인|봄, 눈|써클|세이예스|신장개업|닥터 K|억수탕(3pm Paradise)|반짝반짝 두근두근|2015 GSFF 배우 특별전: 김수안 |[PDFF2015] 장애인미디어운동1 + 한국영화초청3"
20120723,루벤 플레셔,베놈|갱스터 스쿼드|털기 아니면 죽기 : 제한시간 30분|좀비랜드
10009698,데이미언 셔젤,퍼스트맨|라라랜드|위플래쉬
10057572,이지원,미쓰백|우아한 세계|주홍글씨|번지점프를 하다|그녀에게|판타스틱 자살소동
10032109,브래들리 쿠퍼,어벤져스: 엔드게임|라스트 미션|스타 이즈 본|어벤져스: 인피니티 워|가디언즈 오브 갤럭시 VOL. 2|조이|더 셰프|알로하|세레나|아메리칸 스나이퍼|가디언즈 오브 갤럭시|아메리칸 허슬|플레이스 비욘드 더 파인즈|행오버3|실버라이닝 플레이북|더 스토리: 세상에 숨겨진 사랑|히트 앤 런|리미트리스|행오버 2|A-특공대|발렌타인 데이|행오버|뉴욕 아이 러브 유|미드나잇 미트 트레인
10024440,마크 포스터,곰돌이 푸 다시 만나 행복해|월드 워 Z|머신건 프리처 감독판|머신건 프리처|007 퀀텀 오브 솔러스|연을 쫓는 아이|스트레인저 댄 픽션|스테이|네버랜드를 찾아서|몬스터 볼
10003620,김광식,안시성|찌라시: 위험한 소문|내 깡패 같은 애인|오프 로드|오아시스|얼굴|억수탕(3pm Paradise)|비천괴수
20138147,박진영,"나랏말싸미|PMC: 더 벙커|스윙키즈|완벽한 타인|레슬러|리틀 포레스트|신과함께-인과 연|독전|신과함께-죄와 벌|기억의 밤|미옥|침묵|범죄도시|남한산성|하루|살인자의 기억법|더 테이블|불한당: 나쁜 놈들의 세상|싱글라이더|당신, 거기 있어줄래요|밀정|미씽: 사라진 여자|럭키|비밀은 없다|도리화가|검은 사제들|성난 변호사|뷰티 인사이드|협녀, 칼의 기억|사도|나의 절친 악당들|쎄시봉|상의원|국제시장|타짜-신의 손|우는 남자|소수의견|방황하는 칼날|찌라시: 위험한 소문|수상한 그녀|집으로 가는 길|감시자들|고령화 가족|공범|환상속의 그대|런닝맨|베를린|마이 리틀 히어로|나의 PS 파트너 |26년|R2B: 리턴투베이스|5백만불의 사나이|내 아내의 모든 것|시체가 돌아왔다|커플즈|완득이|카운트다운|푸른소금|퀵|체포왕|써니|심장이 뛴다|여의도|페스티발|심야의 F.M.|이끼|파괴된 사나이|사요나라 이츠카|하모니|홍길동의 후예|백야행|내 사랑 내 곁에|애자|구세주 2|잘 알지도 못하면서|김씨표류기|달콤한 거짓말|무림여대생|허밍|저수지에서 건진 치타|권순분여사 납치사건|황진이|수|최강로맨스|중천|라디오 스타|아들의 여자"
10056329,이시다 히로야스,펭귄 하이웨이|태양소년 이슬소녀|비오는 마을|후미코의 고백|이시다 히로야스 X 아라이 요지로 특별전
10086194,올리버 달리,액슬
10006086,김태균,"암수살인|봄, 눈|써클|세이예스|신장개업|닥터 K|억수탕(3pm Paradise)|반짝반짝 두근두근|2015 GSFF 배우 특별전: 김수안 |[PDFF2015] 장애인미디어운동1 + 한국영화초청3"
20120723,루벤 플레셔,베놈|갱스터 스쿼드|털기 아니면 죽기 : 제한시간 30분|좀비랜드
10003620,김광식,안시성|찌라시: 위험한 소문|내 깡패 같은 애인|오프 로드|오아시스|얼굴|억수탕(3pm Paradise)|비천괴수
10057572,이지원,미쓰백|우아한 세계|주홍글씨|번지점프를 하다|그녀에게|판타스틱 자살소동
10024440,마크 포스터,곰돌이 푸 다시 만나 행복해|월드 워 Z|머신건 프리처 감독판|머신건 프리처|007 퀀텀 오브 솔러스|연을 쫓는 아이|스트레인저 댄 픽션|스테이|네버랜드를 찾아서|몬스터 볼
10032109,브래들리 쿠퍼,어벤져스: 엔드게임|라스트 미션|스타 이즈 본|어벤져스: 인피니티 워|가디언즈 오브 갤럭시 VOL. 2|조이|더 셰프|알로하|세레나|아메리칸 스나이퍼|가디언즈 오브 갤럭시|아메리칸 허슬|플레이스 비욘드 더 파인즈|행오버3|실버라이닝 플레이북|더 스토리: 세상에 숨겨진 사랑|히트 앤 런|리미트리스|행오버 2|A-특공대|발렌타인 데이|행오버|뉴욕 아이 러브 유|미드나잇 미트 트레인
10044124,마이크 데블린,다이노 어드벤처: 에일리언 월드|다이노 어드벤처2: 육해공 공룡 대백과|다이노 어드벤처: 뉴 자이언트|다이노 어드벤처: 육해공 킬러 엘리트
10068082,존 스티븐슨,모차르트: 프라하의 서곡|모래요정과 아이들|애니멀 팜
20114792,이종석,협상|그것만이 내 세상|히말라야|국제시장|더 킥|리턴
10023193,마이클 수지,에브리데이|서약|그레이 가든스
20120723,루벤 플레셔,베놈|갱스터 스쿼드|털기 아니면 죽기 : 제한시간 30분|좀비랜드
10006086,김태균,"암수살인|봄, 눈|써클|세이예스|신장개업|닥터 K|억수탕(3pm Paradise)|반짝반짝 두근두근|2015 GSFF 배우 특별전: 김수안 |[PDFF2015] 장애인미디어운동1 + 한국영화초청3"
10003620,김광식,안시성|찌라시: 위험한 소문|내 깡패 같은 애인|오프 로드|오아시스|얼굴|억수탕(3pm Paradise)|비천괴수
10024440,마크 포스터,곰돌이 푸 다시 만나 행복해|월드 워 Z|머신건 프리처 감독판|머신건 프리처|007 퀀텀 오브 솔러스|연을 쫓는 아이|스트레인저 댄 픽션|스테이|네버랜드를 찾아서|몬스터 볼
20114792,이종석,협상|그것만이 내 세상|히말라야|국제시장|더 킥|리턴
10029586,박희곤,명당|챔피언|퍼펙트 게임|인사동 스캔들|아 유 레디?
20134341,조원희,"행복의 나라|신과함께-인과 연|독전|신과함께-죄와 벌|대립군|리얼|조작된 도시|서부전선|해적: 바다로 간 산적|화이: 괴물을 삼킨 아이|Mr.아이돌|오직 그대만|최종병기 활|고지전|마마|사랑한다, 사랑하지 않는다|꿈은 이루어진다|끝과 시작|전우치|불꽃처럼 나비처럼|여고괴담 5|거북이 달린다|서양 골동 양과자점 앤티크|가벼운 잠|두 사람이다|지금 사랑하는 사람과 살고 있습니까?|리턴|열세살 수아|그해 여름|애정결핍이 두 남자에게 미치는 영향|엽기적인 그녀|친구|번지점프를 하다|무서운 이야기 3 '기계령'"
10068082,존 스티븐슨,모차르트: 프라하의 서곡|모래요정과 아이들|애니멀 팜
10076618,코린 하디,더 넌
10011005,아니쉬 차간티,서치
10003620,김광식,안시성|찌라시: 위험한 소문|내 깡패 같은 애인|오프 로드|오아시스|얼굴|억수탕(3pm Paradise)|비천괴수
10029586,박희곤,명당|챔피언|퍼펙트 게임|인사동 스캔들|아 유 레디?
20114792,이종석,협상|그것만이 내 세상|히말라야|국제시장|더 킥|리턴
10076618,코린 하디,더 넌
20134341,조원희,"행복의 나라|신과함께-인과 연|독전|신과함께-죄와 벌|대립군|리얼|조작된 도시|서부전선|해적: 바다로 간 산적|화이: 괴물을 삼킨 아이|Mr.아이돌|오직 그대만|최종병기 활|고지전|마마|사랑한다, 사랑하지 않는다|꿈은 이루어진다|끝과 시작|전우치|불꽃처럼 나비처럼|여고괴담 5|거북이 달린다|서양 골동 양과자점 앤티크|가벼운 잠|두 사람이다|지금 사랑하는 사람과 살고 있습니까?|리턴|열세살 수아|그해 여름|애정결핍이 두 남자에게 미치는 영향|엽기적인 그녀|친구|번지점프를 하다|무서운 이야기 3 '기계령'"
10011005,아니쉬 차간티,서치
20171642,우시로 신지,극장판 요괴워치 섀도사이드: 도깨비왕의 부활|극장판 요괴워치: 하늘을 나는 고래와 더블세계다냥!|극장판 요괴워치: 탄생의 비밀이다냥!|스트레이트 재킷
10052360,울프강 라우엔슈타인,루이스
10080742,닛타 노리오,에그엔젤 코코밍: 두근두근 핼러윈 파티|극장판 에그엔젤 코코밍: 푸르밍과 두근두근 코코밍 세계
20309473,정미화,극장판 뽀잉: 슈퍼 변신의 비밀
10003620,김광식,안시성|찌라시: 위험한 소문|내 깡패 같은 애인|오프 로드|오아시스|얼굴|억수탕(3pm Paradise)|비천괴수
10029586,박희곤,명당|챔피언|퍼펙트 게임|인사동 스캔들|아 유 레디?
20114792,이종석,협상|그것만이 내 세상|히말라야|국제시장|더 킥|리턴
10076618,코린 하디,더 넌
10011005,아니쉬 차간티,서치
10088447,허종호,물괴|성난 변호사|카운트다운|눈부신 날에|얼굴값|승부
20171642,우시로 신지,극장판 요괴워치 섀도사이드: 도깨비왕의 부활|극장판 요괴워치: 하늘을 나는 고래와 더블세계다냥!|극장판 요괴워치: 탄생의 비밀이다냥!|스트레이트 재킷
20321881,이석근,도어락|해피 투게더
10052360,울프강 라우엔슈타인,루이스
10037886,쉐인 블랙,더 프레데터|나이스 가이즈|언럭키맨|아이언맨 3|키스 키스 뱅뱅|롱 키스 굿나잇 
10011005,아니쉬 차간티,서치
10088447,허종호,물괴|성난 변호사|카운트다운|눈부신 날에|얼굴값|승부
20321881,이석근,도어락|해피 투게더
10037886,쉐인 블랙,더 프레데터|나이스 가이즈|언럭키맨|아이언맨 3|키스 키스 뱅뱅|롱 키스 굿나잇 
10019336,리 워넬,업그레이드|인시디어스 3|인시디어스|쏘우
10031397,변혁,상류사회|주홍글씨|서프라이즈|인터뷰|올슨|His Concern|어머니의 여름|호모 비디오쿠스
10051071,올 파커,맘마미아!2|나우이즈굿 |베스트 엑조틱 메리골드 호텔|이매진 미 앤 유
20115572,김용화,저격자 
10054495,윤종빈,공작|춘몽|검사외전|허삼관|군도: 민란의 시대|범죄와의 전쟁: 나쁜놈들 전성시대|비스티 보이즈|용서받지 못한 자
10003620,김광식,안시성|찌라시: 위험한 소문|내 깡패 같은 애인|오프 로드|오아시스|얼굴|억수탕(3pm Paradise)|비천괴수
10011005,아니쉬 차간티,서치
20321881,이석근,도어락|해피 투게더
10031397,변혁,상류사회|주홍글씨|서프라이즈|인터뷰|올슨|His Concern|어머니의 여름|호모 비디오쿠스
10019336,리 워넬,업그레이드|인시디어스 3|인시디어스|쏘우
20115572,김용화,저격자 
10051071,올 파커,맘마미아!2|나우이즈굿 |베스트 엑조틱 메리골드 호텔|이매진 미 앤 유
10054495,윤종빈,공작|춘몽|검사외전|허삼관|군도: 민란의 시대|범죄와의 전쟁: 나쁜놈들 전성시대|비스티 보이즈|용서받지 못한 자
10065265,조규장,목격자|그날의 분위기|낙타는 말했다|봉수
10029772,발타자르 코루마쿠르,어드리프트:우리가 함께한 바다|오스|에베레스트|투건스|콘트라밴드|살인의 기억|천국으로 가는 초라한 여행|폭풍의 계절|보이지 않는 세계|성난 바다|레이캬비크|버림받은 천사들|분열|아그네스의 원죄 
10086171,수잔나 포겔,나를 차버린 스파이
20321881,이석근,도어락|해피 투게더
10011005,아니쉬 차간티,서치
10031397,변혁,상류사회|주홍글씨|서프라이즈|인터뷰|올슨|His Concern|어머니의 여름|호모 비디오쿠스
10065265,조규장,목격자|그날의 분위기|낙타는 말했다|봉수
20115572,김용화,저격자 
10054495,윤종빈,공작|춘몽|검사외전|허삼관|군도: 민란의 시대|범죄와의 전쟁: 나쁜놈들 전성시대|비스티 보이즈|용서받지 못한 자
10051071,올 파커,맘마미아!2|나우이즈굿 |베스트 엑조틱 메리골드 호텔|이매진 미 앤 유
10086171,수잔나 포겔,나를 차버린 스파이
10077515,크리스토퍼 맥쿼리,미션 임파서블: 폴아웃|미션 임파서블: 로그네이션|잭 리처|웨이 오브 더 건|유주얼 서스펙트
10045281,알폰소 쿠아론,로마|그래비티|칠드런 오브 맨|해리포터와 아즈카반의 죄수|이투마마|위대한 유산 |러브 앤 히스테리|도대체 그 남자가 누구야
20321881,이석근,도어락|해피 투게더
10065265,조규장,목격자|그날의 분위기|낙타는 말했다|봉수
10054495,윤종빈,공작|춘몽|검사외전|허삼관|군도: 민란의 시대|범죄와의 전쟁: 나쁜놈들 전성시대|비스티 보이즈|용서받지 못한 자
20115572,김용화,저격자 
10051071,올 파커,맘마미아!2|나우이즈굿 |베스트 엑조틱 메리골드 호텔|이매진 미 앤 유
10086171,수잔나 포겔,나를 차버린 스파이
10001386,젠디 타타코브스키,몬스터 호텔 3|몬스터 호텔 2|몬스터 호텔
20100022,존 터틀타웁,쿨 러닝 |닌자 키드
10077515,크리스토퍼 맥쿼리,미션 임파서블: 폴아웃|미션 임파서블: 로그네이션|잭 리처|웨이 오브 더 건|유주얼 서스펙트
10085782,피터 버그,마일22|패트리어트 데이|딥워터 호라이즌|론 서바이버 |배틀쉽|핸콕|킹덤|프라이데이 나잇 라이트|웰컴 투 더 정글|코르키 로마노|베리배드씽|기적의 터치다운|질주|영혼의 목걸이
10054495,윤종빈,공작|춘몽|검사외전|허삼관|군도: 민란의 시대|범죄와의 전쟁: 나쁜놈들 전성시대|비스티 보이즈|용서받지 못한 자
20115572,김용화,저격자 
10065265,조규장,목격자|그날의 분위기|낙타는 말했다|봉수
10051071,올 파커,맘마미아!2|나우이즈굿 |베스트 엑조틱 메리골드 호텔|이매진 미 앤 유
20100022,존 터틀타웁,쿨 러닝 |닌자 키드
10001386,젠디 타타코브스키,몬스터 호텔 3|몬스터 호텔 2|몬스터 호텔
10077515,크리스토퍼 맥쿼리,미션 임파서블: 폴아웃|미션 임파서블: 로그네이션|잭 리처|웨이 오브 더 건|유주얼 서스펙트
10055319,이마이 카즈아키,극장판 도라에몽: 진구의 보물섬
10021027,타치카와 유즈루,명탐정 코난 : 제로의 집행인
20306533,최신규,극장판 헬로카봇 : 달나라를 구해줘!|극장판 헬로카봇: 옴파로스 섬의 비밀|극장판 공룡메카드: 타이니소어의 섬|극장판 헬로카봇 : 백악기 시대|헬로 카봇
20115572,김용화,저격자 
10054495,윤종빈,공작|춘몽|검사외전|허삼관|군도: 민란의 시대|범죄와의 전쟁: 나쁜놈들 전성시대|비스티 보이즈|용서받지 못한 자
10051071,올 파커,맘마미아!2|나우이즈굿 |베스트 엑조틱 메리골드 호텔|이매진 미 앤 유
10077515,크리스토퍼 맥쿼리,미션 임파서블: 폴아웃|미션 임파서블: 로그네이션|잭 리처|웨이 오브 더 건|유주얼 서스펙트
10001386,젠디 타타코브스키,몬스터 호텔 3|몬스터 호텔 2|몬스터 호텔
10021027,타치카와 유즈루,명탐정 코난 : 제로의 집행인
20306533,최신규,극장판 헬로카봇 : 달나라를 구해줘!|극장판 헬로카봇: 옴파로스 섬의 비밀|극장판 공룡메카드: 타이니소어의 섬|극장판 헬로카봇 : 백악기 시대|헬로 카봇
10032042,브래드 버드,인크레더블 2|투모로우랜드|미션임파서블:고스트프로토콜|라따뚜이|인크레더블|심슨 가족|아이언 자이언트
10004265,김병갑,신비아파트: 금빛 도깨비와 비밀의 동굴|마당을 나온 암탉|쩨쩨한 로맨스|마법천자문: 대마왕의 부활을 막아라|아치와 씨팍|왕후 심청
20070799,고레에다 히로카즈,어느 가족|세 번째 살인|태풍이 지나가고|바닷마을 다이어리|그렇게 아버지가 된다|엔딩노트|진짜로 일어날지도 몰라 기적|공기인형|걸어도 걸어도|하나|아무도 모른다|디스턴스|원더풀 라이프|환상의 빛|그러나... 복지를 버리는 시대로|또 하나의 교육
20115572,김용화,저격자 
10077515,크리스토퍼 맥쿼리,미션 임파서블: 폴아웃|미션 임파서블: 로그네이션|잭 리처|웨이 오브 더 건|유주얼 서스펙트
10032042,브래드 버드,인크레더블 2|투모로우랜드|미션임파서블:고스트프로토콜|라따뚜이|인크레더블|심슨 가족|아이언 자이언트
20306533,최신규,극장판 헬로카봇 : 달나라를 구해줘!|극장판 헬로카봇: 옴파로스 섬의 비밀|극장판 공룡메카드: 타이니소어의 섬|극장판 헬로카봇 : 백악기 시대|헬로 카봇
10004265,김병갑,신비아파트: 금빛 도깨비와 비밀의 동굴|마당을 나온 암탉|쩨쩨한 로맨스|마법천자문: 대마왕의 부활을 막아라|아치와 씨팍|왕후 심청
20320378,김지운,마약왕
10051071,올 파커,맘마미아!2|나우이즈굿 |베스트 엑조틱 메리골드 호텔|이매진 미 앤 유
20070799,고레에다 히로카즈,어느 가족|세 번째 살인|태풍이 지나가고|바닷마을 다이어리|그렇게 아버지가 된다|엔딩노트|진짜로 일어날지도 몰라 기적|공기인형|걸어도 걸어도|하나|아무도 모른다|디스턴스|원더풀 라이프|환상의 빛|그러나... 복지를 버리는 시대로|또 하나의 교육
10083194,페이튼 리드,앤트맨과 와스프|앤트맨|예스맨|브레이크 업 : 이별후애(愛)|다운 위드 러브|브링잇온
10029578,박훈정,마녀|브이아이피|대호|신세계|혈투|부당거래|악마를 보았다
10077515,크리스토퍼 맥쿼리,미션 임파서블: 폴아웃|미션 임파서블: 로그네이션|잭 리처|웨이 오브 더 건|유주얼 서스펙트
10032042,브래드 버드,인크레더블 2|투모로우랜드|미션임파서블:고스트프로토콜|라따뚜이|인크레더블|심슨 가족|아이언 자이언트
20320378,김지운,마약왕
10004265,김병갑,신비아파트: 금빛 도깨비와 비밀의 동굴|마당을 나온 암탉|쩨쩨한 로맨스|마법천자문: 대마왕의 부활을 막아라|아치와 씨팍|왕후 심청
10083194,페이튼 리드,앤트맨과 와스프|앤트맨|예스맨|브레이크 업 : 이별후애(愛)|다운 위드 러브|브링잇온
10029578,박훈정,마녀|브이아이피|대호|신세계|혈투|부당거래|악마를 보았다
10017517,로슨 마샬 터버,스카이스크래퍼|위 아 더 밀러스|피츠버그의 미스터리|피구의 제왕
20070799,고레에다 히로카즈,어느 가족|세 번째 살인|태풍이 지나가고|바닷마을 다이어리|그렇게 아버지가 된다|엔딩노트|진짜로 일어날지도 몰라 기적|공기인형|걸어도 걸어도|하나|아무도 모른다|디스턴스|원더풀 라이프|환상의 빛|그러나... 복지를 버리는 시대로|또 하나의 교육
10058049,이해영,독전: 익스텐디드 컷|독전|경성학교: 사라진 소녀들|26년|페스티발|천하장사 마돈나|아라한 장풍대작전|안녕! 유에프오|품행제로|신라의 달밤|커밍 아웃
10025841,마이클 메이슨,신은 죽지 않았다 3: 어둠 속의 빛
